BALANCE,BALANCE_FREQUENCY,PURCHASES,ONEOFF_PURCHASES,INSTALLMENTS_PURCHASES,CASH_ADVANCE,PURCHASES_FREQUENCY,ONEOFF_PURCHASES_FREQUENCY,PURCHASES_INSTALLMENTS_FREQUENCY,CASH_ADVANCE_FREQUENCY,CASH_ADVANCE_TRX,PURCHASES_TRX,CREDIT_LIMIT,PAYMENTS,MINIMUM_PAYMENTS,PRC_FULL_PAYMENT,TENURE,Cluster,Count
2334.6993717587065,0.9247096654228856,659.0047139303483,659.0047139303483,0.0,2028.2005075124378,0.27509364427860694,0.27509364427860694,0.0,0.29249240547263683,6.829601990049751,6.27363184079602,4631.373812754975,1912.0656824999999,1020.4378971330002,0.05815689054726368,11.351990049751244,0.09577114427860696,804
2150.187406609613,0.882479342324669,0.0,0.0,0.0,1991.0309380657184,0.0,0.0,0.0,0.2729654178518882,6.303580186365866,0.0,4028.9657263939994,1655.4614519936245,1000.0850421756676,0.04426914516920059,11.317312408043158,1.0,2039
397.79597721129124,0.7883264287311347,535.374818334265,0.0,535.374818334265,0.0,0.7059717484628284,0.0,0.6724665930687534,0.0,0.0,11.747344885410843,3109.7894823018446,730.7903424399105,726.5764446521206,0.3058795159306875,11.511458915595304,1.9994410285075461,1789
762.6089626033676,0.7694527418147802,883.0354349859682,883.0354349859682,0.0,0.0,0.35504905425631433,0.35504905425631433,0.0,0.0,0.0,7.733395696913003,4429.757348980355,1202.369738585594,519.814066509949,0.1361201852198316,11.556594948550046,2.9971936389148737,1069
2751.740460070946,0.9649021263513514,1496.7246486486486,797.6886621621621,699.9330337837838,2074.6697066283787,0.7379239777027027,0.27220040878378376,0.6206742851351351,0.2822974405405405,7.252027027027027,24.788513513513514,5355.61561561554,2684.092387975,1304.416119560994,0.06268502905405406,11.525,3.8506756756756757,1480
1210.4338188745053,0.9314951582815151,2448.8075522894287,1496.8516563029962,952.724126625212,0.0,0.8099512345958169,0.45699091803278685,0.6444734482758621,0.0,0.0,34.278688524590166,5687.677681278689,2280.2017291695875,615.5911417791532,0.25620034030525723,11.798756359525155,4.822498586772188,1769
