BALANCE,BALANCE_FREQUENCY,PURCHASES,ONEOFF_PURCHASES,INSTALLMENTS_PURCHASES,CASH_ADVANCE,PURCHASES_FREQUENCY,ONEOFF_PURCHASES_FREQUENCY,PURCHASES_INSTALLMENTS_FREQUENCY,CASH_ADVANCE_FREQUENCY,CASH_ADVANCE_TRX,PURCHASES_TRX,CREDIT_LIMIT,PAYMENTS,MINIMUM_PAYMENTS,PRC_FULL_PAYMENT,TENURE,Cluster,Count
2387.474662866324,0.9305826053984575,674.2443701799485,674.3100514138818,0.3452056555269923,2071.0995800899746,0.2808086503856041,0.2790718997429306,0.0022952596401028275,0.2994498470437018,6.989717223650386,6.365038560411311,4642.83360598329,1950.0642375398459,1040.5679092352402,0.05339618508997429,11.313624678663238,0.0,778
2153.423559340029,0.8830082869440459,0.5387996174079387,0.06757054041128646,0.5128120516499283,1999.641369294596,0.0037638943089430893,0.001202844093735055,0.002413022955523673,0.27236195217599235,6.341463414634147,0.04351984696317551,4037.3797781527323,1668.927798972262,1003.1144071505483,0.04373741606886657,11.324246771879483,1.0,2091
397.5311853180635,0.7878938136387299,523.1559344091619,1.7626444560124934,522.3386673607496,3.5701848287350337,0.7003302977615825,0.00484413118167621,0.6642545726184279,0.003185623112961999,0.038521603331598125,11.687142113482562,3112.5889556678812,735.8796693159812,710.0973602115952,0.2989829036959916,11.494534096824571,2.0,1921
755.9597416012489,0.7716455664585192,863.9118465655665,863.0589116859946,0.9367261373773416,0.813881314897413,0.35603083764495985,0.3528770838537021,0.0042327769848349685,0.001698513826940232,0.020517395182872437,7.732381801962534,4411.606249830508,1181.1226559009813,511.6119977969276,0.13787505084745763,11.555753791257805,3.0,1121
2872.743483961877,0.9685112697947214,1551.9909824046922,825.0307624633431,727.195564516129,2169.5999730923754,0.7530104156891496,0.2817895425219941,0.6328826891495601,0.2911377697947214,7.521994134897361,25.530058651026394,5498.028673835044,2760.371178695748,1340.1490847646378,0.05937482697947214,11.55058651026393,4.0,1364
1261.0599211785075,0.944239600597015,2604.567808955224,1600.801743283582,1003.795319402985,0.731839255522388,0.8302965355223881,0.4794754985074627,0.6631957605970149,0.0011487976119402986,0.013134328358208954,36.21970149253731,5819.123473541493,2389.223785912239,634.0280983748545,0.25842243641791046,11.826268656716417,5.0,1675
